First_Name,Last_Name,Email,Password
Mary,Cammagay,cammagay@deped.com,pass123
Regine,Dahan,dahan@deped.com,pass456
Andrei,Cruz,cruz@deped.com,pass789
Christian,Dating,dating@deped.com,mypass123
Christian,Luces,luces@deped.com,mypass456
Jerome,Hontiveros,hontiveros@deped.com,mypass789
Dale,Menciro,menciro@deped.com,sapp123
Ezrhael,Sicat,sicat@deped.com,sapp456